email,phone,fullname,field,name,pass
deonte65@block.com,+60 (89) 4651 3679,Ernesto Hocking  ,Bahasa Melayu,muszyskoQk,abc123
xcrona@bernhard.com,+60 (05) 3554 3198,Emmitt Couto  ,Sains,carlosboetJy,abc123
gwen.jast@hotmail.com,+60 (57) 4923 0105,Mandy Devereux  ,Matematik,retobe2i,abc123
augustus.oconner@yahoo.com,+60 (84) 3794 1732,Angeline Struble  ,Bahasa Inggeris,temgomoby,abc123
lorn@yahoo.com,+60 (92) 9495 9191,Lorita Ruhland  ,Pendidikan Islam,faryalawitaOr,abc123
ubahringer@ortiz.com,+60 (79) 4629 4635,Melonie Diggs  ,Sejarah,MG7TM7Dyq,abc123
brant69@hotmail.com,+60 (51) 8572 8866,Sal Budd  ,Bahasa Melayu,gegndu6g,abc123
uconn@konopelski.com,+60 (57) 9137 1639,Justa Rado  ,Sains,emz3YU,abc123
larry.lang@greenfelder.com,+60 (47) 5608 9490,Avelina Giblin  ,Matematik,estibinasYD,abc123
geovany.nader@yahoo.com,+60 (62) 4471 7942,Jefferey Robichaux  ,Bahasa Inggeris,kirschs7J,abc123
estell.hickle@turcotte.com,+60 (24) 0476 7330,Zita Gazda  ,Pendidikan Islam,akuryrkjuJO,abc123
adolph.langworth@yahoo.com,+60 (58) 6120 4072,Claretha Pembleton  ,Sejarah,FanzinePq,abc123
destini96@kutch.info,+60 (88) 5209 8261,Karima Rhine  ,Bahasa Melayu,Vistorinom9,abc123
audie.pfannerstill@gmail.com,+60 (79) 1354 8112,Robbyn Ricks  ,Sains,Alfonzino54,abc123
daphne.ohara@gmail.com,+60 (58) 8768 4191,Annamaria Seekins  ,Matematik,venjaranaA,abc123
alicia.barrows@sipes.biz,+60 (07) 6045 7522,Natalie Sirmans  ,Bahasa Inggeris,purungoXw,abc123
ena90@jaskolski.com,+60 (54) 6322 9364,Marvin Lapoint  ,Pendidikan Islam,odnijurU,abc123
theron35@yahoo.com,+60 (70) 3698 2725,Mazie Longshore  ,Sejarah,ZoroastroTj,abc123
wehner.maude@hotmail.com,+60 (76) 4086 6380,Abram Speed  ,Bahasa Melayu,dejka4e,abc123
acremin@yahoo.com,+60 (08) 8007 8390,Moises Music  ,Sains,veketOf,abc123
ali.gorczany@gmail.com,+60 (69) 2877 3145,Jodi Ingersoll  ,Matematik,Amatikulu3d,abc123
parker.ronny@hodkiewicz.net,+60 (54) 4528 4439,Melda Matias  ,Bahasa Inggeris,sutenerezi,abc123
hilma52@hyatt.net,+60 (49) 2853 4373,Rolf Mixer  ,Pendidikan Islam,arogasemHS,abc123
skautzer@hane.com,+60 (60) 2208 0385,Lesa Gerrity  ,Sejarah,PilzbV,abc123
alberto02@bayer.biz,+60 (56) 5342 8574,Stanley Lundell  ,Bahasa Melayu,Bolandin2t,abc123
kathleen.stehr@gmail.com,+60 (80) 7533 2416,Josef Kneip  ,Sains,lfa3slk,abc123
tatum09@beier.com,+60 (10) 5029 9288,Malcom Humphrey  ,Matematik,simonfraserLL,abc123
vnitzsche@langworth.com,+60 (08) 7345 8297,Nakisha Pisani  ,Bahasa Inggeris,yajohneL,abc123
janice05@hotmail.com,+60 (19) 5050 3601,Randi Burrill  ,Pendidikan Islam,SelinaS7,abc123
dagmar.hegmann@turner.com,+60 (19) 5050 3602,Ewa Bartel  ,Sejarah,poslopjeqs,abc123
fatin.qistina998@gmail.com,1234567890,Fatin Qistina Nahar,Matematik,fatinqnahar,abs
